CustomerId,Surname,Geography,Gender,Age,Tenure,Balance,NumOfProducts,HasCrCard,IsActiveMember,RelationshipStrengthIndex,PredictedChurnProbability,PredictedRiskTier,EngagementSegment
15648455,Kung,Germany,Male,51,4,131156.76,1,1,0,36.2,0.92066637772299,Critical,Inactive High-Balance
15586585,Duncan,Germany,Female,51,2,111018.98,1,1,0,30.6,0.9175507214115051,Critical,Inactive Disengaged
15657468,Simmons,Germany,Female,53,5,123805.03,1,1,0,36.7,0.9110688425551535,Critical,Inactive Disengaged
15806049,Lee,Germany,Female,49,5,140510.89,1,1,0,38.7,0.9085709862279966,Critical,Inactive High-Balance
15631406,Munro,Germany,Male,50,5,109387.9,1,1,0,34.9,0.9044002775914612,Critical,Inactive Disengaged
15787161,Pisani,Germany,Male,46,4,129269.27,1,1,0,36.0,0.9031919094832602,Critical,Inactive High-Balance
15571529,Kirby,Germany,Female,48,7,138232.24,1,1,0,41.5,0.9008722046637949,Critical,Inactive High-Balance
15691504,Yusupova,Germany,Female,52,8,124099.13,1,0,0,36.3,0.8992069889165636,Critical,Inactive Disengaged
15791321,Nwora,Spain,Female,58,4,0.0,1,1,0,27.2,0.8931041777631111,Critical,Inactive Disengaged
15755649,Winter-Irving,Germany,Male,47,7,130538.77,1,1,0,40.6,0.887326348080669,Critical,Inactive High-Balance
15698732,K'ung,Germany,Male,51,3,104677.09,1,1,0,31.3,0.8820534199502832,Critical,Inactive Disengaged
15707473,Summers,Germany,Female,48,6,111962.99,1,1,0,36.7,0.8760856859181005,Critical,Inactive Disengaged
15691119,Martin,Germany,Male,68,4,136525.99,1,0,0,31.8,0.8734734800883317,Critical,Inactive High-Balance
15797960,Skinner,Germany,Female,59,0,135296.33,1,1,0,30.7,0.8707375074735157,Critical,Inactive High-Balance
15788224,Sanderson,Germany,Male,45,1,123949.75,1,0,0,25.8,0.8654095783027763,Critical,Inactive Disengaged
15809772,Glover,France,Male,48,2,0.0,1,1,0,24.2,0.8619629815658302,Critical,Inactive Disengaged
15690452,Tung,France,Male,52,1,63349.75,1,1,0,25.7,0.8590098372886235,Critical,Inactive Disengaged
15634245,Muecke,Germany,Female,47,9,95523.16,1,1,0,39.3,0.8584727716803883,Critical,Inactive Disengaged
15565796,Docherty,Germany,Male,48,10,96048.55,1,1,0,40.9,0.8584042634781988,Critical,Inactive Disengaged
15762762,Onyekachukwu,Germany,Female,45,5,118886.55,1,0,0,31.1,0.8526629801626278,Critical,Inactive Disengaged
15734202,Chidimma,Germany,Female,52,4,86891.84,1,1,0,31.2,0.8486842610378172,Critical,Inactive Disengaged
15631882,Yeh,Germany,Male,45,9,103399.87,1,0,0,35.2,0.8473680871124335,Critical,Inactive Disengaged
15569595,Walker,France,Female,50,6,0.0,1,1,0,30.2,0.8448402571102533,Critical,Inactive Disengaged
15771728,Mackenzie,Germany,Male,41,7,104405.54,3,1,0,34.3,0.8394905106147245,Critical,Inactive Disengaged
15678916,Kelly,France,Female,75,2,0.0,1,1,0,24.2,0.8375249983918464,Critical,Inactive Disengaged
15785576,Mayrhofer,Germany,Male,71,9,119496.87,1,1,0,42.2,0.8365066597457019,Critical,Inactive Disengaged
15683183,Volkova,Germany,Female,45,6,97652.96,1,1,0,35.1,0.8363405069828661,Critical,Inactive Disengaged
15714087,McGill,Germany,Female,45,5,151855.33,1,1,0,39.7,0.8321135881660416,Critical,Inactive High-Balance
15574910,Ferguson,France,Male,50,2,115625.07,1,1,0,31.2,0.8309768802410218,Critical,Inactive Disengaged
15699523,Chu,Germany,Female,55,4,126817.65,2,1,0,52.1,0.8283449786872503,Critical,Inactive Disengaged
15689294,Onyemaechi,Germany,Male,44,3,105934.96,1,1,0,31.5,0.8277194008150994,Critical,Inactive Disengaged
15587210,McCartney,Germany,Female,44,10,113581.98,1,1,0,42.9,0.8264771251519644,Critical,Inactive Disengaged
15652626,Grave,France,Male,55,4,115285.85,1,1,0,34.1,0.8249881355805914,Critical,Inactive Disengaged
15789582,Macleod,France,Male,55,9,0.0,1,1,0,34.7,0.8247732991113489,Critical,Inactive Disengaged
15639303,Moore,Germany,Male,48,5,126111.61,1,0,1,67.1,0.8218740826537473,Critical,Active Low-Product
15694381,Lloyd,France,Male,51,8,100654.8,1,1,0,38.4,0.8213553266285881,Critical,Inactive Disengaged
15759250,Barnett,Germany,Male,51,3,99183.9,1,1,1,65.7,0.8200500759242574,Critical,Active Low-Product
15729582,Fu,Germany,Male,48,3,80697.44,1,0,0,24.3,0.8186575364444308,Critical,Inactive Disengaged
15587299,Board,France,Female,48,3,0.0,1,1,0,25.7,0.8185012119038687,Critical,Inactive Disengaged
15775625,McKenzie,France,Male,47,6,0.0,1,1,0,30.2,0.808818474887697,Critical,Inactive Disengaged
15732430,H?,Spain,Female,54,4,120952.74,1,1,0,34.8,0.8064862743519894,Critical,Inactive Disengaged
15614813,Cocci,Germany,Female,46,0,107362.8,1,1,0,27.1,0.8056277949008795,Critical,Inactive Disengaged
15577274,Genovese,Germany,Female,43,3,134985.66,1,1,0,35.1,0.8055605999890758,Critical,Inactive High-Balance
15646859,Heydon,Germany,Male,47,7,107363.29,1,1,1,72.6,0.8054692989388947,Critical,Active Low-Product
15797910,Zetticci,Germany,Male,51,2,123783.25,1,1,1,67.2,0.8052560901654213,Critical,Active Low-Product
15704987,Lu,France,Female,52,8,49113.75,1,1,0,36.0,0.8051920720481704,Critical,Inactive Disengaged
15618239,Neumann,France,Female,48,0,0.0,1,1,0,21.2,0.804534610841495,Critical,Inactive Disengaged
15634281,P'an,Germany,Female,43,10,110822.9,1,0,0,37.6,0.8041499899255542,Critical,Inactive Disengaged
15605425,Chia,Germany,Female,44,2,127536.44,1,1,0,32.7,0.8038398949237527,Critical,Inactive Disengaged
15639265,Isaacs,France,Male,54,7,126113.28,1,1,0,40.1,0.8025194884250649,Critical,Inactive Disengaged
15579826,Young,France,Female,66,9,0.0,1,1,0,34.7,0.8006831060670487,Critical,Inactive Disengaged
15726634,Wei,France,Male,47,1,0.0,1,1,0,22.7,0.7980514961649302,Critical,Inactive Disengaged
15608873,Smith,France,Male,51,2,0.0,1,0,0,19.2,0.7976283416452018,Critical,Inactive Disengaged
15738828,Milano,Germany,Male,45,6,152880.97,1,0,0,36.3,0.7971871339988368,Critical,Inactive High-Balance
15662100,Hsu,Germany,Female,44,5,128605.32,1,0,1,67.4,0.7935219749421697,Critical,Active Low-Product
15785406,Watts,France,Female,51,4,105056.13,1,0,0,27.9,0.7927645043663366,Critical,Inactive Disengaged
15698932,Groves,Germany,Male,44,10,137452.09,1,1,0,45.9,0.792228167654743,Critical,Inactive High-Balance
15654495,Potter,Germany,Female,47,6,120621.89,1,1,1,72.8,0.7920747393375596,Critical,Active Low-Product
15772250,Udegbunam,Spain,Male,46,9,0.0,1,0,0,29.7,0.791076764252574,Critical,Inactive Disengaged
15581295,Ch'ien,Spain,Female,45,1,0.0,1,1,0,22.7,0.7893995817441093,Critical,Inactive Disengaged
15810593,Forbes,France,Male,51,4,0.0,3,1,1,59.2,0.7885482833736337,Critical,Active Engaged
15737647,Obioma,Germany,Female,77,6,135120.56,1,1,0,39.7,0.7856931377733888,Critical,Inactive High-Balance
15799600,Coles,Germany,Male,48,1,111599.32,1,0,1,59.2,0.785018728831,Critical,Active Low-Product
15807889,Wood,Germany,Male,74,5,108891.7,1,1,0,34.8,0.7843681376686037,Critical,Inactive Disengaged
15792250,Nnabuife,Germany,Female,45,4,122793.96,1,1,1,70.1,0.7809422917374743,Critical,Active Low-Product
15717937,Gibbons,Germany,Male,43,5,99906.89,1,0,0,28.8,0.779331455399222,Critical,Inactive Disengaged
15654025,Jones,France,Female,51,4,101629.3,1,0,0,27.5,0.7746899367704781,Critical,Inactive Disengaged
15671209,Holden,Germany,Female,29,5,101713.84,3,1,0,31.0,0.7746854676165095,Critical,Inactive Disengaged
15589488,Ch'eng,Germany,Female,56,5,111642.08,1,1,1,70.2,0.7745176621644,Critical,Active Low-Product
15631871,Kelly,Germany,Female,57,7,116936.81,1,1,1,73.8,0.7738904613742387,Critical,Active Low-Product
15772892,Robertson,France,Female,49,2,0.0,1,0,0,19.2,0.7707614912619124,Critical,Inactive Disengaged
15653050,Norriss,Germany,Female,76,10,95052.29,1,1,0,40.8,0.7678176683165315,Critical,Inactive Disengaged
15584704,Chiazagomekpele,France,Male,48,10,71083.98,1,1,0,39.4,0.7660974853623748,Critical,Inactive Disengaged
15773322,Obiajulu,Germany,Female,44,4,121898.82,1,0,0,30.0,0.7657048137121809,Critical,Inactive Disengaged
15691723,Chukwudi,Spain,Male,55,9,99685.06,1,1,0,39.8,0.7649584257030898,Critical,Inactive Disengaged
15699284,Johnson,France,Male,49,8,172713.44,1,1,0,45.1,0.7590148391851111,Critical,Inactive High-Balance
15640580,Obiora,France,Female,47,9,0.0,1,1,0,34.7,0.7576473617025202,Critical,Inactive Disengaged
15751185,Aparicio,Spain,Female,50,0,158633.61,1,1,0,32.6,0.7561395267248754,Critical,Inactive High-Balance
15804862,Toscani,Germany,Male,43,6,127146.68,1,0,0,33.7,0.7553483993414858,Critical,Inactive Disengaged
15752857,Palerma,Germany,Male,52,1,98443.14,2,0,0,39.1,0.7553129550055797,Critical,Inactive Disengaged
15605447,Palermo,France,Male,49,2,78653.84,1,1,0,27.7,0.7549458121752065,Critical,Inactive Disengaged
15649280,Lucchese,Germany,Female,40,9,134504.78,1,1,0,44.1,0.7539346401626573,Critical,Inactive High-Balance
15647570,Chung,Germany,Male,45,8,120591.19,1,0,0,35.8,0.7526866237202651,Critical,Inactive Disengaged
15721569,Chialuka,Germany,Female,55,8,119327.93,1,0,1,70.6,0.7502404764173627,Critical,Active Low-Product
15673995,Tu,Spain,Female,65,9,102541.1,1,1,0,40.1,0.7499200864071437,High,Inactive Disengaged
15770995,Sinclair,Germany,Female,47,1,131160.85,1,1,0,31.7,0.7498077679904919,High,Inactive High-Balance
15680430,Ajuluchukwu,Germany,Female,49,4,96252.98,2,1,0,48.4,0.7491410277888592,High,Inactive Disengaged
15642726,Holmes,France,Male,53,3,83568.26,1,0,0,24.5,0.7474164637673448,High,Inactive Disengaged
15703059,Scott,Germany,Female,49,6,124829.16,1,0,1,68.4,0.7434267339567731,High,Active Low-Product
15794941,Chibueze,Germany,Female,41,1,85906.65,3,1,0,23.7,0.7430589699846247,High,Inactive Disengaged
15811343,Cattaneo,Germany,Male,35,5,161591.11,3,1,1,72.2,0.7420640661064707,High,Active Engaged
15680727,Fang,France,Male,49,5,121973.28,1,1,0,36.5,0.7412684897564888,High,Inactive Disengaged
15711299,Wilson,Germany,Female,52,8,145262.54,1,0,1,73.7,0.7411466323290279,High,Active Low-Product
15679963,Moretti,Germany,Male,43,8,96353.8,1,0,0,32.9,0.7410166988347083,High,Inactive Disengaged
15661507,Muldrow,Spain,Male,45,6,0.0,1,0,0,25.2,0.7407419156321359,High,Inactive Disengaged
15672516,Wall,Germany,Male,51,7,90373.28,2,1,0,52.4,0.7388479628592467,High,Inactive Disengaged
15620111,Fan,France,Male,54,8,133436.52,1,1,0,42.5,0.73851153398337,High,Inactive High-Balance
15811978,Trevisani,Germany,Male,46,2,104763.41,1,1,1,64.8,0.7358649469716518,High,Active Low-Product
15743617,Chesnokova,Germany,Male,47,1,95994.98,1,1,0,27.4,0.7343187408679052,High,Inactive Disengaged
15609913,Clark,France,Female,46,9,0.0,1,1,0,34.7,0.7328994067885743,High,Inactive Disengaged
15654901,Horton,France,Male,51,10,141556.96,1,1,0,46.3,0.7328093676560821,High,Inactive High-Balance
15632816,Williams,Germany,Female,49,2,127948.57,1,1,1,67.8,0.7313185917245788,High,Active Low-Product
15774847,Knight,France,Male,50,6,171740.69,1,0,0,37.1,0.7308624613539378,High,Inactive High-Balance
15616280,Hsia,France,Male,46,1,65733.41,1,1,0,25.8,0.729999385427826,High,Inactive Disengaged
15724838,Moretti,France,Female,43,4,0.0,1,1,0,27.2,0.7286182847601803,High,Inactive Disengaged
15573452,Manning,Germany,Male,42,7,115930.87,1,1,0,38.7,0.7275674749109488,High,Inactive Disengaged
15766686,Nebechi,Germany,Female,39,1,104502.11,1,1,0,28.3,0.7264616657734031,High,Inactive Disengaged
15570508,Azubuike,France,Male,49,7,90218.9,1,1,0,35.9,0.7253663641897979,High,Inactive Disengaged
15812534,Chiemenam,France,Male,40,1,0.0,3,0,1,49.7,0.7250786323329819,High,Active Engaged
15757617,Lewis,France,Male,55,6,134140.68,1,1,0,39.6,0.7240702106781388,High,Inactive High-Balance
15740868,Pirogova,Germany,Female,45,9,134562.8,1,1,1,79.1,0.7238746682752968,High,Active Low-Product
15722548,Fisher,France,Male,48,0,148116.48,1,0,0,26.9,0.7238402740939385,High,Inactive High-Balance
15753079,Chidi,France,Male,41,5,0.0,3,0,0,20.7,0.7236600042500069,High,Inactive Disengaged
15629511,Lavrentiev,France,Male,49,6,106770.82,1,1,0,36.1,0.7229682945393135,High,Inactive Disengaged
15711251,Chizuoke,France,Male,45,1,178827.79,1,1,0,34.7,0.7225501339296961,High,Inactive High-Balance
15687079,King,Spain,Male,69,10,115462.44,1,1,0,43.2,0.7217831263743035,High,Inactive Disengaged
15771569,Bage,Germany,Male,46,4,137367.94,1,1,1,71.9,0.7213304943301109,High,Active Low-Product
15713632,Ham,Spain,Female,48,5,95679.29,1,0,0,28.3,0.7208643631634505,High,Inactive Disengaged
15741385,Gallop,Germany,Male,45,9,108231.37,1,1,1,75.7,0.7193814092086189,High,Active Low-Product
15583552,Donaldson,Germany,Male,44,3,88902.21,1,1,0,29.8,0.7184161932810424,High,Inactive Disengaged
15777054,Thorpe,Germany,Male,42,3,137479.13,1,1,0,35.4,0.7173005608104496,High,Inactive High-Balance
15769389,Wan,Germany,Female,39,9,124723.92,1,1,0,42.9,0.7170898943043069,High,Inactive Disengaged
15608804,Allan,Germany,Male,49,8,133231.48,1,1,1,77.4,0.7161965872048628,High,Active Low-Product
15568032,Moore,Germany,Male,31,1,127320.36,3,1,0,28.2,0.7153923137551623,High,Inactive Disengaged
15806546,Lucas,Spain,Male,46,4,0.0,1,1,0,27.2,0.7143664591060729,High,Inactive Disengaged
15807595,Ijendu,Germany,Male,51,7,144244.59,2,1,0,58.6,0.7137632133756446,High,Inactive High-Balance
15702377,Knorr,Spain,Male,48,1,132759.8,1,1,0,31.9,0.7137568955560188,High,Inactive High-Balance
15656100,Candler,France,Female,49,5,167962.7,1,0,0,35.5,0.712527752594241,High,Inactive High-Balance
15673481,Morton,Spain,Female,48,6,99906.19,1,1,0,35.3,0.7118390376432528,High,Inactive Disengaged
15635502,Ch'iu,France,Male,44,2,0.0,1,1,0,24.2,0.7108655872112721,High,Inactive Disengaged
15665222,Lettiere,Spain,Male,52,8,121161.57,1,1,0,40.9,0.7099401962408738,High,Inactive Disengaged
15719561,Lin,France,Male,42,5,0.0,3,0,0,20.7,0.7096749460414352,High,Inactive Disengaged
15582168,Muravyova,Germany,Female,61,4,149525.34,2,1,0,54.5,0.7087681290861488,High,Inactive High-Balance
15786215,Udinese,France,Male,56,8,119496.25,2,1,0,57.2,0.7078663658443469,High,Inactive Disengaged
15689344,Montgomery,Spain,Male,42,4,0.0,3,0,1,54.2,0.7064782619994175,High,Active Engaged
15693690,Iweobiegbunam,Spain,Male,52,7,115532.52,1,1,0,38.7,0.7060621989093298,High,Inactive Disengaged
15673333,Wilson,Germany,Male,52,8,96781.39,1,1,1,73.0,0.7059074327141304,High,Active Low-Product
15612893,Nelson,Spain,Male,45,4,0.0,1,1,0,27.2,0.7051703332803148,High,Inactive Disengaged
15721793,Chiu,Germany,Female,50,7,123936.54,1,1,1,74.8,0.7037258944553595,High,Active Low-Product
15659399,Mazzi,Germany,Male,50,7,139675.07,2,1,0,58.1,0.7032984234188762,High,Inactive High-Balance
15706537,Pirogov,Germany,Female,59,7,111396.97,1,0,1,68.2,0.702917081435478,High,Active Low-Product
15812230,Elliot,Germany,Female,42,5,49508.79,3,1,1,63.5,0.7028088310685568,High,Active Engaged
15734659,Sozonov,Germany,Female,46,5,107978.4,2,1,0,51.2,0.7018095560770781,High,Inactive Disengaged
15754177,Bazarova,Spain,Male,53,2,111061.01,2,0,0,42.1,0.7017244041693189,High,Inactive Disengaged
15586970,Pinto,Germany,Male,52,8,103023.26,1,1,1,73.6,0.7002451550029222,High,Active Low-Product
15624293,Mironova,France,Female,46,3,106511.85,1,1,0,31.5,0.6974490468273228,High,Inactive Disengaged
15756824,Giordano,Germany,Female,50,5,101242.98,2,1,0,50.4,0.6973244805413152,High,Inactive Disengaged
15612455,Yao,Germany,Male,45,6,124240.93,1,1,1,73.3,0.6967670335532522,High,Active Low-Product
15764351,Yuryeva,Germany,Female,59,5,120170.07,1,0,1,66.3,0.6963913630548312,High,Active Low-Product
15637891,Docherty,Germany,Female,43,4,140681.68,1,0,1,67.2,0.6958550839110988,High,Active Low-Product
15806081,Fleming,Germany,Female,48,2,127924.25,2,1,0,49.3,0.6951168860031943,High,Inactive High-Balance
15791991,Udinesi,France,Male,52,4,0.0,1,0,1,57.2,0.6931750552434641,High,Active Low-Product
15572762,Matveyeva,Germany,Female,50,2,102278.79,2,1,0,46.0,0.6921147204497164,High,Inactive Disengaged
15718216,Fleetwood-Smith,Spain,Male,43,3,0.0,1,1,0,25.7,0.691916819802987,High,Inactive Disengaged
15592222,Lo,France,Male,49,7,80001.23,1,0,0,30.3,0.6911339584358172,High,Inactive Disengaged
15765375,Butusov,France,Female,46,8,0.0,1,0,0,28.2,0.6903023254047919,High,Inactive Disengaged
15715709,Shih,Germany,Male,43,4,114091.38,1,0,1,64.0,0.6901868419356125,High,Active Low-Product
15728005,Urban,France,Female,57,9,111359.55,2,1,0,57.6,0.6900988323406871,High,Inactive Disengaged
15730673,Dietz,Germany,Male,40,7,122265.24,1,1,0,39.5,0.6897498518576832,High,Inactive Disengaged
15713144,Ingrassia,Spain,Male,46,8,0.0,1,1,0,33.2,0.6874341331196114,High,Inactive Disengaged
15678206,Yeh,France,Male,46,6,161798.53,1,1,0,41.7,0.6873760662876166,High,Inactive High-Balance
15655368,Wheeler,France,Male,47,1,0.0,1,0,0,17.7,0.6860769305878941,High,Inactive Disengaged
15703979,Evans,Germany,Male,39,3,119688.81,1,1,0,33.2,0.6859082374281561,High,Inactive Disengaged
15578648,Marino,Germany,Male,49,6,59532.18,1,1,0,33.1,0.6855095185507986,High,Inactive Disengaged
15654964,Piccio,Spain,Male,48,7,75801.74,1,1,0,35.1,0.6853456241373288,High,Inactive Disengaged
15606076,Golubev,Germany,Male,63,7,123204.88,1,1,1,74.7,0.684970462457199,High,Active Low-Product
15635388,Austin,Spain,Male,47,6,89047.14,1,1,0,34.3,0.6839479283092538,High,Inactive Disengaged
15749472,Lucciano,France,Male,45,8,0.0,1,1,0,33.2,0.6835110962440732,High,Inactive Disengaged
15784676,Fanucci,France,Male,51,6,125268.03,2,1,0,54.9,0.6824401982954257,High,Inactive Disengaged
15753102,Curtis,Spain,Male,44,6,83870.33,1,1,0,34.0,0.6819478226770381,High,Inactive Disengaged
15767818,Graham,France,Male,55,10,132436.34,1,1,0,45.3,0.6817907155273859,High,Inactive High-Balance
15580845,Chienezie,Germany,Male,57,7,101868.51,1,0,1,67.0,0.681434615024345,High,Active Low-Product
15783398,Rizzo,Spain,Female,49,7,115309.75,1,1,0,38.6,0.6813104877610606,High,Inactive Disengaged
15721207,Piazza,Germany,Male,42,6,100047.33,1,1,0,35.3,0.6808818603518496,High,Inactive Disengaged
15809777,Gadsden,Germany,Female,55,7,131778.66,1,1,1,75.8,0.679941000599349,High,Active Low-Product
15610643,De Luca,Germany,Male,44,3,151739.65,1,1,0,36.7,0.6790701430810856,High,Inactive High-Balance
15695299,Mordvinova,France,Female,45,2,81828.22,1,1,0,27.9,0.6789404999738012,High,Inactive Disengaged
15812497,D'Albertis,Germany,Male,37,5,112146.12,1,1,0,35.2,0.677616091143071,High,Inactive Disengaged
15796787,Vassiliev,France,Male,46,0,105969.42,1,1,0,27.0,0.6773843769626477,High,Inactive Disengaged
15650313,Okonkwo,Germany,Male,65,6,129472.33,1,1,1,74.0,0.6773523496210194,High,Active Low-Product
15697574,Stewart,France,Female,40,9,0.0,3,1,1,66.7,0.6772884277618403,High,Active Engaged
15594450,Tomlinson,France,Male,49,9,159458.53,1,1,0,46.1,0.6769705381457236,High,Inactive High-Balance
15717527,Ifeanacho,France,Female,49,9,145359.99,1,1,0,45.2,0.6756058849537941,High,Inactive High-Balance
15716984,Palermo,Spain,Female,56,4,0.0,2,1,0,43.7,0.6754222954721094,High,Inactive Disengaged
15624343,Napolitani,Spain,Female,50,7,129667.77,1,0,0,35.5,0.6747050895262195,High,Inactive High-Balance
15623314,Tucker,Germany,Female,59,3,190353.08,1,1,0,37.9,0.6739381987704972,High,Inactive High-Balance
15616152,Pai,France,Female,47,1,185513.67,1,1,0,34.8,0.6737354343516326,High,Inactive High-Balance
15636820,Loggia,Germany,Male,40,8,104149.66,1,1,0,38.8,0.6734710542128863,High,Inactive Disengaged
15591724,Liu,France,Female,44,5,143244.97,1,1,0,39.0,0.6726385584907446,High,Inactive High-Balance
15691625,Ko,Germany,Female,41,3,138306.34,1,1,0,35.5,0.671443558303309,High,Inactive High-Balance
15804721,Boni,France,Male,49,0,191808.73,1,0,0,28.4,0.6712797509268792,High,Inactive High-Balance
15670205,Boyd,Germany,Female,41,5,110624.99,1,1,0,35.0,0.6711644825451926,High,Inactive Disengaged
15666982,Spears,Germany,Female,38,9,123948.85,1,1,0,42.8,0.669480831241596,High,Inactive Disengaged
15631310,Hsieh,France,Female,53,3,0.0,1,1,1,60.7,0.6685015885267457,High,Active Low-Product
15616365,Obiuto,France,Female,53,2,0.0,2,1,0,40.7,0.6672187659398628,High,Inactive Disengaged
15680920,Marchesi,France,Male,46,7,49512.55,1,1,0,34.5,0.6663854983479286,High,Inactive Disengaged
15612505,Joseph,Spain,Male,45,3,100212.13,1,1,0,30.8,0.6642517875080863,High,Inactive Disengaged
15569759,Rawling,France,Female,27,4,0.0,3,1,0,24.2,0.6637504880214309,High,Inactive Disengaged
15571571,Ting,Germany,Female,31,3,127331.46,3,1,1,66.2,0.6635834999765449,High,Active Engaged
15723484,Hunt,Germany,Female,42,1,103873.39,1,1,0,28.2,0.6626116049787417,High,Inactive Disengaged
15742116,Torres,Germany,Female,48,9,116711.06,2,0,0,53.3,0.6603084358555765,High,Inactive Disengaged
15693267,Dickson,Germany,Female,34,7,121063.85,1,1,0,39.4,0.6598642251623604,High,Inactive Disengaged
15769917,Onyekachi,Germany,Female,34,1,127122.79,3,0,1,58.2,0.6598327625624418,High,Active Engaged
15707011,Morrison,France,Male,47,10,137682.68,1,1,0,45.9,0.6596057130976387,High,Inactive High-Balance
15736760,Douglas,Spain,Female,42,9,0.0,1,0,0,29.7,0.6594851928078251,High,Inactive Disengaged
15613427,Barling,Germany,Female,49,7,108797.63,2,0,0,49.3,0.6589142357642768,High,Inactive Disengaged
15763274,Wu,France,Male,48,3,120320.54,1,0,0,28.3,0.6583800965930366,High,Inactive Disengaged
15576368,Bledsoe,Germany,Female,48,3,122388.38,2,0,0,45.0,0.6572243948813982,High,Inactive Disengaged
15566660,Cole,France,Female,41,10,0.0,3,1,0,33.2,0.6570398982375791,High,Inactive Disengaged
15587640,Rowntree,France,Female,43,0,93143.39,1,1,0,25.6,0.6569871367371084,High,Inactive Disengaged
15570192,Henry,Germany,Female,40,8,121729.42,1,0,0,36.0,0.6569641195602233,High,Inactive Disengaged
15627484,Obielumani,France,Female,47,5,113328.93,1,1,0,35.4,0.6565972915915286,High,Inactive Disengaged
15739123,Mellor,Germany,Male,50,4,127552.85,2,1,0,52.2,0.6565410979587568,High,Inactive Disengaged
15669957,Drake,Germany,Male,52,9,144696.75,1,1,1,80.1,0.6556264173703616,High,Active Low-Product
15795124,Pan,Germany,Male,50,9,94504.35,1,0,1,69.2,0.6554414888066924,High,Active Low-Product
15657540,Cremonesi,France,Male,50,5,151215.34,2,1,0,56.1,0.6553052030538039,High,Inactive High-Balance
15604497,Beale,Germany,Male,44,7,84386.57,1,1,0,35.6,0.655106742278676,High,Inactive Disengaged
15805429,Murray,Germany,Male,59,3,106819.65,1,0,1,61.6,0.6551024598505907,High,Active Low-Product
15679297,Volkova,Spain,Male,43,3,184926.61,1,1,0,37.8,0.6534627280950103,High,Inactive High-Balance
15802909,Hu,Germany,Female,56,3,139603.22,1,1,1,70.6,0.653459832992054,High,Active Low-Product
15810942,Chiemela,Germany,Female,61,2,137655.31,1,0,1,63.9,0.6533720296395327,High,Active Low-Product
15796790,Amaechi,France,Female,47,8,154543.98,1,1,0,44.4,0.6530721635410901,High,Inactive High-Balance
15618765,Ponomaryov,Germany,Female,42,0,99948.45,1,0,1,56.3,0.6528021271656199,High,Active Low-Product
15672082,Schatz,France,Male,62,3,0.0,2,1,0,42.2,0.6524811301393122,High,Inactive Disengaged
15661945,Nicolay,Spain,Female,40,4,0.0,3,1,0,24.2,0.6521339995675709,High,Inactive Disengaged
15640418,Omeokachie,Germany,Female,41,4,115897.73,1,1,0,34.2,0.6508219707023088,High,Inactive Disengaged
15788535,Tan,Spain,Male,44,5,0.0,1,1,0,28.7,0.6492033999957534,High,Inactive Disengaged
15800583,Chukwuemeka,Spain,Female,43,8,0.0,1,0,0,28.2,0.6491867938334782,High,Inactive Disengaged
15595609,Sykes,Germany,Male,52,9,135870.01,2,0,0,55.7,0.6483680044841197,High,Inactive High-Balance
15612524,Hunt,Germany,Male,41,2,127841.52,1,1,0,32.8,0.6478138641989919,High,Inactive High-Balance
15724336,Yates,Germany,Female,49,5,171601.27,1,1,0,40.6,0.6468653983481817,High,Inactive High-Balance
15771477,Fiorentini,France,Male,49,9,106160.37,1,0,0,35.5,0.6467068553069225,High,Inactive Disengaged
15728912,Swanson,France,Female,44,6,92436.86,1,1,0,34.6,0.6456864991842333,High,Inactive Disengaged
15706268,Smith,Germany,Male,51,1,147910.3,1,1,1,68.4,0.6455188540611025,High,Active Low-Product
15799515,Wei,France,Female,48,8,133297.24,1,1,0,42.5,0.6441608233304766,High,Inactive High-Balance
15630910,Treacy,France,Female,49,7,108007.36,1,0,0,32.7,0.6439638304939818,High,Inactive Disengaged
15741032,Tsao,France,Male,48,5,0.0,1,0,1,58.7,0.6438915840474266,High,Active Low-Product
15651001,Tsao,Germany,Female,39,5,116803.8,1,1,0,35.8,0.6434139053913174,High,Inactive Disengaged
15609977,Mundy,France,Male,47,6,71026.77,1,1,0,33.4,0.6421318219515103,High,Inactive Disengaged
15598846,Shahan,France,Female,44,2,58781.76,1,1,0,27.1,0.641821760304719,High,Inactive Disengaged
15636860,Ch'eng,France,Male,43,4,122351.29,1,1,0,35.0,0.6416831732229986,High,Inactive Disengaged
15774630,Peacock,Germany,Female,47,1,142802.02,1,1,1,67.9,0.6394143654950482,High,Active Low-Product
15576111,Reagan,Germany,Male,33,5,121898.58,1,1,0,36.5,0.6394049191667399,High,Inactive Disengaged
15610355,Hunter,France,Male,44,1,63438.91,1,1,0,25.7,0.6388611469214484,High,Inactive Disengaged
15590828,Chidimma,Germany,Male,42,7,126428.38,1,1,0,40.1,0.6388184547323864,High,Inactive Disengaged
15750811,Woodward,Germany,Male,44,3,116822.7,1,0,0,27.8,0.6381876668881875,High,Inactive Disengaged
15620570,Sinnett,France,Male,43,4,202443.47,1,1,0,39.5,0.6380045860781198,High,Inactive High-Balance
15680970,Lombardi,Germany,Female,41,2,114206.84,1,1,0,31.0,0.6371151567940163,High,Inactive Disengaged
15643908,Turnbull,France,Female,49,10,0.0,1,1,1,71.2,0.6365511476454123,High,Active Low-Product
15633516,Tucker,France,Male,42,1,0.0,1,0,1,52.7,0.6364038428569727,High,Active Low-Product
15755223,Tseng,Germany,Male,53,7,150926.99,2,0,0,54.1,0.6363951583912518,High,Inactive High-Balance
15700657,Thornton,Germany,Female,40,2,110086.69,1,1,0,30.5,0.6363835653928444,High,Inactive Disengaged
15771000,Powell,France,Male,38,4,0.0,3,1,0,24.2,0.6361220524614711,High,Inactive Disengaged
15580249,Lori,France,Male,45,0,0.0,1,0,0,16.2,0.6354647974872348,High,Inactive Disengaged
15774738,Campa,France,Male,44,3,107764.75,1,1,0,31.7,0.6354186581804914,High,Inactive Disengaged
15661528,Ashbolt,Spain,Male,47,5,102562.23,1,1,0,34.1,0.6338757983680103,High,Inactive Disengaged
15713532,Wang,Germany,Female,29,4,105957.44,1,1,0,33.0,0.6337163760815886,High,Inactive Disengaged
15771750,Sawtell,Germany,Female,36,10,122314.39,1,1,0,44.0,0.6335434129297223,High,Inactive Disengaged
15687634,Glover,Germany,Male,49,5,94754.0,1,1,1,68.3,0.6332761502994473,High,Active Low-Product
15771383,Loggia,Germany,Female,45,6,53667.44,1,1,0,33.1,0.6332316268101287,High,Inactive Disengaged
15807481,Peng,France,Female,46,1,0.0,1,1,1,57.7,0.6331881878830937,High,Active Low-Product
15748608,Trentini,Germany,Male,42,5,141927.1,1,1,1,73.9,0.6321900693885513,High,Active Low-Product
15672246,Jefferies,Germany,Male,43,2,134896.03,1,1,1,68.6,0.632046477465917,High,Active Low-Product
15780142,Wang,France,Male,43,2,100013.51,1,1,0,29.3,0.6320371003785296,High,Inactive Disengaged
15764105,Milne,France,Female,57,1,0.0,2,1,0,39.2,0.6315815523220553,High,Inactive Disengaged
15646535,Harrell,France,Male,46,5,113226.47,1,1,0,35.4,0.6312310468801416,High,Inactive Disengaged
15607690,Hsing,Germany,Male,47,2,118812.5,2,0,0,43.1,0.6292944194817598,High,Inactive Disengaged
15646037,Sopuluchi,France,Male,77,9,0.0,3,1,1,66.7,0.6291936302667098,High,Active Engaged
15611756,Chapman,Germany,Female,47,4,124192.28,2,1,1,86.8,0.6288471096148519,High,Active Engaged
15795488,Beneventi,Spain,Male,52,2,0.0,2,1,0,40.7,0.6283236066056773,High,Inactive Disengaged
15623858,Charteris,France,Male,45,9,0.0,1,0,0,29.7,0.62798900846825,High,Inactive Disengaged
15638463,Okwudilichukwu,Germany,Female,48,8,139480.18,1,1,1,78.1,0.6279293949195744,High,Active Low-Product
15783305,Franklin,France,Female,46,7,98752.51,1,1,0,36.7,0.6278552511149433,High,Inactive Disengaged
15786153,McKenzie,Germany,Male,47,9,137774.11,2,1,0,60.9,0.6272819929305639,High,Inactive High-Balance
15659105,Borchgrevink,France,Female,47,9,61196.54,1,1,0,37.7,0.6270026865638246,High,Inactive Disengaged
15796015,Wu,Germany,Male,42,3,126041.02,1,0,1,64.0,0.6269473672513198,High,Active Low-Product
15713347,Reynolds,Spain,Male,48,6,179852.26,1,1,0,42.3,0.626871851883212,High,Inactive High-Balance
15583212,Chidozie,France,Female,43,5,134022.06,1,1,0,38.0,0.6262224558534909,High,Inactive High-Balance
15701160,Azubuike,Germany,Female,43,4,125890.72,1,1,1,70.5,0.6262018076351011,High,Active Low-Product
15668775,Pendred,France,Male,47,3,130747.1,1,1,0,34.7,0.6260670209051962,High,Inactive High-Balance
15679307,Kazantseva,France,Female,43,1,0.0,1,0,1,52.7,0.6256450366534317,High,Active Low-Product
15617320,Palermo,Spain,Female,46,3,151709.33,1,1,0,36.7,0.625272969204071,High,Inactive High-Balance
15622461,Ndubuagha,France,Female,51,7,122822.0,2,0,0,51.1,0.6239514687659381,High,Inactive Disengaged
15750569,Iweobiegbunam,Germany,Female,46,3,102955.14,2,1,0,47.6,0.6237802979263697,High,Inactive Disengaged
15630466,Maclean,France,Male,45,8,0.0,1,0,0,28.2,0.6235519293160017,High,Inactive Disengaged
15766272,Folliero,Germany,Female,61,0,125193.96,1,1,1,64.4,0.6216240263172582,High,Active Low-Product
15737506,Tretiakova,France,Male,42,6,0.0,1,0,0,25.2,0.6199796495400466,High,Inactive Disengaged
15761453,Kovalev,France,Male,42,6,0.0,1,1,0,30.2,0.6189706931578478,High,Inactive Disengaged
15680611,Rose,France,Male,67,9,0.0,3,1,1,66.7,0.6187280669045211,High,Active Engaged
15599081,Watt,Germany,Female,46,8,102785.16,1,1,1,73.6,0.6186321487716833,High,Active Low-Product
15620276,Palermo,Spain,Male,36,6,0.0,3,1,1,62.2,0.6172867708604641,High,Active Engaged
15784736,Jamieson,France,Male,45,6,136855.24,1,1,0,39.8,0.6168427916012604,High,Inactive High-Balance
15574842,Lorenzo,Germany,Female,25,2,158266.42,3,1,1,67.6,0.6161619703613375,High,Active Engaged
15568088,Jamieson,Germany,Male,44,3,163714.52,1,1,0,37.3,0.6159402472592851,High,Inactive High-Balance
15642870,Ross,France,Male,58,9,0.0,1,0,1,64.7,0.6158879121805716,High,Active Low-Product
15668058,Chinwendu,Germany,Male,35,8,124098.54,1,1,0,41.3,0.615844075545154,High,Inactive Disengaged
15595883,Nkemdirim,Germany,Male,39,4,127278.31,1,1,1,70.7,0.6157733692518621,High,Active Low-Product
15725818,Chibuzo,Germany,Male,40,4,107041.3,1,1,1,68.1,0.6154445609662292,High,Active Low-Product
15650288,Summers,Germany,Male,35,6,116269.01,1,1,0,37.3,0.6153520446959001,High,Inactive Disengaged
15743714,Ch'ien,France,Male,46,7,91443.75,1,1,0,36.0,0.6149805033828185,High,Inactive Disengaged
15660475,Ndubueze,France,Female,54,9,0.0,1,0,1,64.7,0.6146236088586017,High,Active Low-Product
15696605,Angelo,France,Male,49,4,180614.04,1,0,0,34.3,0.614128801042146,High,Inactive High-Balance
15806983,Moss,France,Male,44,3,137148.68,1,1,0,35.3,0.6132025356177947,High,Inactive High-Balance
15814772,Adams,Germany,Male,49,4,160133.88,1,0,1,68.6,0.6128923645540724,High,Active Low-Product
15646726,Crawford,France,Male,43,5,0.0,1,0,0,23.7,0.6127387677212416,High,Inactive Disengaged
15727944,Simpkinson,Germany,Female,48,1,92072.68,1,1,1,62.1,0.6123857578412133,High,Active Low-Product
15645778,Reid,Spain,Male,42,3,81589.04,1,1,0,29.4,0.612199094637195,High,Inactive Disengaged
15762928,Venables,Spain,Male,44,8,0.0,1,1,0,33.2,0.6121429642452377,High,Inactive Disengaged
15649183,Johnston,Spain,Female,35,8,0.0,3,0,1,60.2,0.6121270006518928,High,Active Engaged
15651713,King,France,Male,45,6,148071.39,1,1,0,40.9,0.6118056135117992,High,Inactive High-Balance
15703614,Hutchinson,Spain,Male,48,5,132876.23,1,1,0,37.9,0.6114080455745287,High,Inactive High-Balance
15649536,Wong,Germany,Male,38,4,128015.83,1,1,0,35.8,0.6108140088711776,High,Inactive High-Balance
15699325,Fedorova,Germany,Female,62,10,114822.64,1,0,1,73.1,0.6096503762680302,High,Active Low-Product
15638047,Chia,Germany,Female,45,9,142765.24,2,1,0,61.4,0.6082900269160478,High,Inactive High-Balance
15593954,Eva,France,Female,47,6,109387.33,1,0,0,31.4,0.607832804941176,High,Inactive Disengaged
15624755,Pepper,Germany,Female,40,3,109628.44,1,1,0,31.9,0.6073144306556587,High,Inactive Disengaged
15751227,Ebelegbulam,France,Male,47,1,95120.59,1,0,0,22.3,0.6071200978281338,High,Inactive Disengaged
15743893,Alexeyeva,France,Male,42,3,164951.56,1,1,0,37.3,0.6064528976980937,High,Inactive High-Balance
15714240,Ponomarev,Spain,Male,74,5,0.0,2,0,0,40.2,0.6054648824716183,High,Inactive Disengaged
15784161,Hargreaves,Germany,Male,39,8,102945.01,1,0,0,33.6,0.6049103593054903,High,Inactive Disengaged
15600700,Pan,Germany,Male,63,6,116227.27,1,1,1,72.3,0.6039822715407184,High,Active Low-Product
15589754,Malloy,Germany,Male,45,2,151421.44,1,0,1,65.1,0.6031563982318516,High,Active Low-Product
15628600,Lee,Germany,Female,31,1,141069.18,3,1,1,64.8,0.6030773018324022,High,Active Engaged
15753370,McDonald,Germany,Female,38,5,114753.76,1,1,0,35.6,0.6029341242972175,High,Inactive Disengaged
15628298,Johnstone,Spain,Female,47,8,128486.11,1,1,0,41.9,0.6027479407228319,High,Inactive High-Balance
15795370,Mazure,Germany,Male,37,6,131753.41,1,1,0,39.3,0.6025052926918482,High,Inactive High-Balance
15765650,Chigolum,Germany,Male,40,5,114655.58,1,0,0,30.6,0.6018866131558216,High,Inactive Disengaged
15614934,McEwan,Germany,Female,37,4,142711.81,1,1,0,37.4,0.6016863005499498,High,Inactive High-Balance
15677955,Tsui,Germany,Male,33,1,122088.67,1,1,0,30.5,0.6014788026832321,High,Inactive Disengaged
15650933,Ma,Spain,Female,48,8,155413.06,1,1,0,44.4,0.6012091273338591,High,Inactive High-Balance
15794273,Hand,France,Female,56,0,62732.65,1,0,1,54.2,0.6008126543869552,High,Active Low-Product
15709643,Gray,France,Male,32,1,0.0,3,1,0,19.7,0.6003038267927497,High,Inactive Disengaged
15750728,Kaur,Spain,Female,42,2,0.0,1,1,0,24.2,0.6000291543918875,High,Inactive Disengaged
15693893,Davis,Germany,Male,59,9,122471.09,1,0,1,72.6,0.599951721002206,High,Active Low-Product
15758451,Azuka,Germany,Male,37,7,102708.77,1,1,0,37.1,0.5999384489253956,High,Inactive Disengaged
15630053,Tsao,France,Male,45,5,127864.4,1,1,0,37.3,0.5997723317751458,High,Inactive High-Balance
15732299,Boniwell,France,Male,67,4,0.0,3,1,1,59.2,0.5995216152906113,High,Active Engaged
15731463,Gboliwe,Germany,Male,43,10,105301.5,1,1,1,76.9,0.598414869329415,High,Active Low-Product
15813022,Kapustina,Spain,Male,70,1,0.0,2,0,0,34.2,0.597834553374147,High,Inactive Disengaged
15772363,Hilton,Germany,Female,42,0,101979.16,1,1,0,26.5,0.5969691467953986,High,Inactive Disengaged
15604130,Johnstone,Spain,Female,47,6,142319.03,1,0,0,35.4,0.5966233372738463,High,Inactive High-Balance
15677307,Lo,Germany,Female,40,6,137326.65,1,1,0,39.9,0.5964516687765145,High,Inactive High-Balance
15669946,Jen,Germany,Female,46,2,141726.88,1,1,1,69.3,0.5963193890940395,High,Active Low-Product
15783097,Lombardo,Germany,Male,27,6,111348.15,1,1,0,36.6,0.595410763301404,High,Inactive Disengaged
15585255,Moore,France,Male,42,9,0.0,1,1,0,34.7,0.59420707653872,High,Inactive Disengaged
15758769,Coffey,France,Female,44,7,0.0,1,1,0,31.7,0.5940435104620149,High,Inactive Disengaged
15612667,Bird,Spain,Male,42,0,0.0,1,1,0,21.2,0.5937938826395075,High,Inactive Disengaged
15567446,Coffman,Germany,Male,39,9,111574.41,1,1,1,76.2,0.5935933312250304,High,Active Low-Product
15754053,Chung,France,Female,67,7,0.0,3,1,1,63.7,0.5935198828442516,High,Active Engaged
15736730,Soto,France,Female,45,2,0.0,1,1,1,59.2,0.5934839767574152,High,Active Low-Product
15692137,Jen,France,Female,46,2,0.0,1,1,1,59.2,0.5926275110006366,High,Active Low-Product
15707120,Cocci,France,Male,46,9,117640.39,1,1,0,41.9,0.5924898377118656,High,Inactive Disengaged
15705777,Real,Germany,Male,49,10,129164.88,1,1,1,80.0,0.5918868700596001,High,Active Low-Product
15752300,Sagese,Germany,Male,47,4,148826.32,1,1,1,73.0,0.5916983401865248,High,Active Low-Product
15626948,Butcher,France,Female,42,6,86167.82,1,1,0,34.2,0.5912508455989446,High,Inactive Disengaged
15767358,Obioma,Germany,Female,45,1,97486.15,2,1,0,44.0,0.5904791657004177,High,Inactive Disengaged
15600832,Moss,France,Female,43,9,0.0,1,1,0,34.7,0.5898333180740966,High,Inactive Disengaged
15661290,Hightower,Germany,Female,38,9,107199.75,1,0,0,35.6,0.5893955049108822,High,Inactive Disengaged
15676117,Zinachukwudi,France,Male,44,9,0.0,1,1,0,34.7,0.5892693403980637,High,Inactive Disengaged
15645956,Jideofor,Spain,Male,44,3,88915.85,1,1,0,29.8,0.588890597985403,High,Inactive Disengaged
15657637,Ts'ui,Spain,Female,36,3,0.0,3,1,0,22.7,0.5883664444475886,High,Inactive Disengaged
15750658,Obiuto,France,Male,37,8,0.0,3,0,0,25.2,0.5882391083271433,High,Inactive Disengaged
15698791,Udinesi,France,Male,45,3,146758.24,1,1,0,36.3,0.5873769738911794,High,Inactive High-Balance
15622750,Chu,Germany,Female,21,1,114292.48,1,1,0,29.5,0.5871527865041153,High,Inactive Disengaged
15566740,Nazarova,Spain,Male,51,3,83739.32,1,0,1,59.5,0.5862896139271495,High,Active Low-Product
15755242,Rowe,France,Female,46,2,0.0,1,1,1,59.2,0.5859927312555704,High,Active Low-Product
15587451,Goold,Germany,Male,41,7,139706.31,1,1,0,41.6,0.585834755814912,High,Inactive High-Balance
15677906,Owens,Spain,Female,54,5,0.0,1,0,1,58.7,0.5854222091694105,High,Active Low-Product
15626414,Russell,France,Male,44,6,98862.54,1,1,0,35.2,0.5846483519234136,High,Inactive Disengaged
15643658,Barber,Germany,Male,53,2,94078.97,2,1,0,45.2,0.5844416936142632,High,Inactive Disengaged
15583718,Terry,Germany,Male,38,6,142316.14,1,1,1,75.4,0.5841690834964473,High,Active Low-Product
15568885,Scott,Germany,Female,34,8,102251.57,1,1,0,38.5,0.584102126931512,High,Inactive Disengaged
15725355,Morey,France,Female,43,8,0.0,1,0,1,63.2,0.5835453559310754,High,Active Low-Product
15724684,Sung,Spain,Male,46,5,91897.8,1,1,0,33.0,0.5818686429488815,High,Inactive Disengaged
15619016,McMinn,Germany,Male,46,5,109019.65,2,1,1,86.4,0.5818435399823306,High,Active Engaged
15621520,Tang,Germany,Female,42,2,139707.28,1,1,0,34.1,0.5816485002633114,High,Inactive High-Balance
15726832,Donnelly,Germany,Male,61,3,141784.02,1,1,1,70.8,0.5806397406857435,High,Active Low-Product
15610711,Eluemuno,Germany,Female,40,8,128644.46,1,0,0,36.9,0.5800686614397518,High,Inactive High-Balance
15804771,Velazquez,France,Male,51,4,40685.92,1,1,1,65.0,0.5794386568366383,High,Active Low-Product
15605461,Lucas,Germany,Female,29,3,130830.22,1,1,0,34.7,0.579373003382716,High,Inactive High-Balance
15790299,Williamson,Spain,Male,37,9,0.0,3,1,1,66.7,0.5793207502685258,High,Active Engaged
15665385,Gibney,France,Male,44,6,76495.04,1,1,0,33.6,0.5788109550712097,High,Inactive Disengaged
15804201,Jones,Germany,Male,42,4,126772.57,1,0,1,65.6,0.5787166714780232,High,Active Low-Product
15670738,Mazzanti,Germany,Male,45,2,113939.36,2,1,0,47.5,0.5783249951964468,High,Inactive Disengaged
15632521,Cattaneo,Germany,Male,45,0,130170.82,2,1,0,46.6,0.5780224904555153,High,Inactive High-Balance
15810218,Sun,Spain,Male,29,9,0.0,3,0,1,61.7,0.5771512397883721,High,Active Engaged
15621768,Chukwuhaenye,Spain,Male,45,6,112994.65,1,0,0,31.8,0.5766032245310823,High,Inactive Disengaged
15698839,Okwudilichukwu,Germany,Male,46,4,127559.97,2,1,1,87.2,0.5765237428895983,High,Active Engaged
15669219,Wilson,Germany,Male,35,3,104356.38,1,1,0,31.3,0.5765178102612977,High,Inactive Disengaged
15646366,Trevisani,Germany,Male,41,8,120586.54,1,0,1,70.8,0.5762486253303165,High,Active Low-Product
15735799,Maconochie,Germany,Male,58,3,137318.42,1,1,1,70.4,0.5761530257398461,High,Active Low-Product
15609562,MacDonald,Spain,Female,43,1,116360.07,1,1,0,29.8,0.5754414771171334,High,Inactive Disengaged
15691910,Lu,Spain,Male,30,4,0.0,3,1,0,24.2,0.5751311021353659,High,Inactive Disengaged
15734674,Lin,France,Female,41,6,0.0,1,1,0,30.2,0.5751164661527064,High,Inactive Disengaged
15684908,Davidson,Germany,Male,64,1,91869.69,1,0,1,57.0,0.5747582472389571,High,Active Low-Product
15727489,Madueke,Spain,Female,45,1,157320.51,1,1,0,34.0,0.5743523925329522,High,Inactive High-Balance
15781534,Rapuluolisa,Germany,Female,35,4,121520.36,1,0,0,29.9,0.5743110954916179,High,Inactive Disengaged
15700826,Ko,Germany,Female,54,1,123699.28,2,0,1,77.2,0.5724523770225586,High,Active Engaged
15742378,Swaim,Germany,Male,32,5,110029.77,1,1,0,35.0,0.5714038918694941,High,Inactive Disengaged
15602405,Ryrie,Germany,Female,38,9,99167.54,1,1,0,39.7,0.5708988903512482,High,Inactive Disengaged
15599090,McKelvey,Germany,Male,40,7,108407.34,1,1,1,72.8,0.5703717385786683,High,Active Low-Product
15727703,Li Fonti,Germany,Male,34,10,126979.75,1,0,0,39.6,0.5701431150613016,High,Inactive Disengaged
15784148,Beneventi,France,Male,62,9,0.0,2,0,0,46.2,0.5698025589307743,High,Inactive Disengaged
15621870,Hawkins,Spain,Female,40,8,0.0,1,1,0,33.2,0.5696402447057035,High,Inactive Disengaged
15658169,Cook,Spain,Female,47,6,127299.34,2,1,0,55.2,0.5696019224788169,High,Inactive Disengaged
15713770,Shih,Spain,Male,41,3,63873.56,1,1,0,28.7,0.5685662350781062,High,Inactive Disengaged
15740147,Cremonesi,France,Female,44,10,0.0,1,0,1,66.2,0.5682290070895674,High,Active Low-Product
15691875,Tsou,Germany,Female,39,5,114491.82,1,1,0,35.5,0.5681905010213799,High,Inactive Disengaged
15785385,Fiorentino,Spain,Male,51,5,0.0,2,1,0,45.2,0.5681721803873651,High,Inactive Disengaged
15792868,Mickey,France,Male,69,1,0.0,2,1,0,39.2,0.5671261219735779,High,Inactive Disengaged
15620746,Lorenzo,France,Male,42,4,126115.6,1,1,0,35.6,0.5668040615367759,High,Inactive Disengaged
15696514,Calabrese,Germany,Female,37,6,104414.03,1,1,0,35.8,0.566654078565494,High,Inactive Disengaged
15736533,Monaldo,Germany,Female,37,5,124053.03,1,1,0,36.8,0.5661670225182953,High,Inactive Disengaged
15801658,Summers,France,Male,55,6,104305.74,1,0,1,65.8,0.5657563460964937,High,Active Low-Product
15656710,Cocci,France,Male,40,4,0.0,1,0,0,22.2,0.5656465980077235,High,Inactive Disengaged
15686255,Mouzon,Germany,Male,35,6,101744.84,1,0,0,30.5,0.5654605699379457,High,Inactive Disengaged
15593280,Yuryeva,Germany,Male,43,8,140733.74,1,1,1,78.2,0.5652508740007984,High,Active Low-Product
15778135,T'ao,Spain,Male,43,3,0.0,1,1,0,25.7,0.5647898353952373,High,Inactive Disengaged
15671322,Chiang,Germany,Male,30,7,115315.04,1,1,0,38.6,0.5645921760339476,High,Inactive Disengaged
15802274,Waters,France,Female,44,7,55053.62,1,1,0,34.6,0.5644617283014051,High,Inactive Disengaged
15711889,Mao,France,Male,42,3,150461.07,1,1,0,36.6,0.5634825250764058,High,Inactive High-Balance
15792722,Omeokachie,France,Female,43,8,64897.75,1,1,0,36.3,0.5634067602768073,High,Inactive Disengaged
15567399,Enderby,Germany,Male,43,3,144164.29,1,1,1,71.1,0.5633408789817299,High,Active Low-Product
15675185,Chuang,Germany,Female,48,2,108128.96,2,1,1,81.7,0.5628794073043372,High,Active Engaged
15635703,Chu,Germany,Female,39,1,131513.26,1,1,1,66.7,0.5625805873690839,High,Active Low-Product
15674765,Mitchell,Spain,Male,44,4,0.0,1,1,0,27.2,0.5623479912097985,High,Inactive Disengaged
15646817,Chiekwugo,France,Male,51,9,156773.78,2,1,0,62.5,0.5623438757111433,High,Inactive High-Balance
15673367,Humffray,Germany,Male,33,6,132603.36,1,1,0,39.4,0.5620116729477502,High,Inactive High-Balance
15790282,Trentino,Germany,Male,58,3,114327.59,2,1,1,84.0,0.5614503604044572,High,Active Engaged
15694039,Jen,Germany,Female,46,9,149003.76,2,1,0,62.0,0.5608980161795972,High,Inactive High-Balance
15587535,Onyemauchechukwu,Spain,Female,46,5,177619.71,1,1,0,40.7,0.5604867275190356,High,Inactive High-Balance
15694143,Conti,France,Female,41,10,0.0,1,1,0,36.2,0.5603638449914424,High,Inactive Disengaged
15777616,Pisani,Germany,Male,28,10,113690.83,1,1,0,42.9,0.5597398995481222,High,Inactive Disengaged
15570895,Ch'in,France,Male,42,10,163548.07,1,1,0,47.8,0.559201946696584,High,Inactive High-Balance
15696355,Cleveland,Germany,Male,37,6,125489.4,1,1,0,38.5,0.5588908875384024,High,Inactive Disengaged
15615254,Clark,France,Male,40,10,43028.77,1,1,0,39.0,0.558757972932866,High,Inactive Disengaged
15645316,Han,Germany,Female,58,1,149641.53,1,1,1,68.5,0.5587357589855314,High,Active Low-Product
15782550,Ma,Germany,Female,41,0,139659.04,1,1,1,66.1,0.5587154208468024,High,Active Low-Product
15737489,Ramsden,Spain,Female,46,5,116886.59,1,0,0,30.8,0.5582348988729277,High,Inactive Disengaged
15732987,Hs?,Spain,Male,43,3,88798.34,1,0,0,24.8,0.558019765385989,High,Inactive Disengaged
15568742,Parkes,France,Female,41,9,0.0,1,1,0,34.7,0.5575000757496711,High,Inactive Disengaged
15776939,Zox,Germany,Female,48,3,102290.56,2,1,0,47.5,0.557279626513319,High,Inactive Disengaged
15775663,Otitodilichukwu,Germany,Male,53,6,134729.99,2,1,1,91.1,0.5570132412483393,High,Active Engaged
15796179,Moore,France,Male,43,8,0.0,1,1,0,33.2,0.5569350405759647,High,Inactive Disengaged
15717893,Briggs,Germany,Male,36,8,143421.74,1,1,0,43.5,0.5568190871150388,High,Inactive High-Balance
15679048,Koger,Germany,Male,41,2,124227.14,1,1,1,67.3,0.5565258988520149,High,Active Low-Product
15599078,Yang,Germany,Female,41,5,92467.58,1,1,0,33.1,0.5557049588626802,High,Inactive Disengaged
15783026,H?,France,Female,41,2,0.0,1,1,0,24.2,0.555559922336786,High,Inactive Disengaged
15728006,Endrizzi,France,Male,40,2,180516.9,1,1,0,36.3,0.5554853508742373,High,Inactive High-Balance
15737778,Dickson,Spain,Female,41,4,0.0,1,1,0,27.2,0.5554362256081676,High,Inactive Disengaged
15763415,Gray,Germany,Male,41,0,134378.89,1,1,1,65.6,0.555213949721718,High,Active Low-Product
15597536,Nkemjika,Spain,Male,45,5,133618.01,1,0,0,33.0,0.5551998738912354,High,Inactive High-Balance
15670416,Ferri,France,Female,43,0,0.0,1,0,1,51.2,0.5550314705174532,High,Active Low-Product
15621116,Fang,Germany,Male,33,5,138664.24,1,1,0,38.5,0.5549454798731942,High,Inactive High-Balance
15778049,Wyatt,Germany,Male,29,6,117412.35,1,0,0,32.4,0.5549159098917785,High,Inactive Disengaged
15775335,Ellis,Germany,Female,48,4,81556.89,2,1,0,47.4,0.5544730292571107,High,Inactive Disengaged
15655574,Okeke,Germany,Female,40,8,150777.1,1,1,0,44.1,0.554410774414553,High,Inactive High-Balance
15805565,Obiuto,Germany,Male,30,7,116927.89,1,1,0,38.8,0.554262073227332,High,Inactive Disengaged
15606149,Wood,Germany,Female,66,9,111577.01,1,0,1,71.2,0.5537817683070637,High,Active Low-Product
15679284,Aksenov,Spain,Female,45,6,79259.75,1,1,0,33.7,0.5537314962492149,High,Inactive Disengaged
15764284,Torres,Spain,Male,27,3,0.0,3,1,1,57.7,0.5532717926023035,High,Active Engaged
15747854,Rudd,France,Female,35,3,0.0,3,1,1,57.7,0.5523049767206681,High,Active Engaged
15664808,Nicoll,Spain,Female,37,3,0.0,3,0,0,17.7,0.552071002707603,High,Inactive Disengaged
15714993,Longo,France,Female,41,9,124349.34,1,1,0,42.8,0.5513372494169456,High,Inactive Disengaged
15782390,T'ien,France,Female,40,6,0.0,1,1,0,30.2,0.5511483494542873,High,Inactive Disengaged
15714970,Holbrook,Germany,Male,32,0,103846.65,1,1,0,26.7,0.550909331100368,High,Inactive Disengaged
15749123,Sokolova,Spain,Male,45,7,157332.26,1,1,0,43.0,0.5507967037240867,High,Inactive High-Balance
